[{"assignment_id":1, "subject_id":1, "assignment_name":"Homework 1", "assignment_type":"Homework", "weight":10.0, "due_date":"2024-09-10"},
 {"assignment_id":2, "subject_id":1, "assignment_name":"Quiz 1", "assignment_type":"Quiz", "weight":20.0, "due_date":"2024-09-20"},
 {"assignment_id":3, "subject_id":1, "assignment_name":"Midterm Exam", "assignment_type":"Exam", "weight":30.0, "due_date":"2024-10-15"},
 {"assignment_id":4, "subject_id":1, "assignment_name":"Final Exam", "assignment_type":"Exam", "weight":40.0, "due_date":"2024-12-10"},
 {"assignment_id":5, "subject_id":2, "assignment_name":"Homework1", "assignment_type":"Homework", "weight":10.0, "due_date":"2024-09-10"},
 {"assignment_id":6, "subject_id":2, "assignment_name":"Quiz 1", "assignment_type":"Quiz", "weight":20.0, "due_date":"2024-09-20"},
 {"assignment_id":7, "subject_id":2, "assignment_name":"Midterm Exam", "assignment_type":"Exam", "weight":30.0, "due_date":"2024-10-15"},
 {"assignment_id":8, "subject_id":2, "assignment_name":"Final Exam", "assignment_type":"Exam", "weight":30.0, "due_date":"2024-12-10"},
 {"assignment_id":9, "subject_id":3, "assignment_name":"Homework1", "assignment_type":"Homework", "weight":10.0, "due_date":"2024-09-10"},
 {"assignment_id":10, "subject_id":3, "assignment_name":"Quiz 1", "assignment_type":"Quiz", "weight":20.0, "due_date":"2024-09-20"},
 {"assignment_id":11, "subject_id":3, "assignment_name":"Midterm Exam ", "assignment_type":"Exam", "weight":30.0, "due_date":"2024-10-15"},
 {"assignment_id":12, "subject_id":3, "assignment_name":"Final Exam", "assignment_type":"Exam", "weight":40.0, "due_date":"2024-12-10"},
 {"assignment_id":13, "subject_id":4, "assignment_name":"Homework1", "assignment_type":"Homework", "weight":10.0, "due_date":"2024-09-10"},
 {"assignment_id":14, "subject_id":4, "assignment_name":"Quiz 1", "assignment_type":"Quiz", "weight":20.0, "due_date":"2024-09-20"},
 {"assignment_id":15, "subject_id":4, "assignment_name":"Midterm Exam", "assignment_type":"Exam", "weight":30.0, "due_date":"2024-10-15"},
 {"assignment_id":16, "subject_id":4, "assignment_name":"Final Exam", "assignment_type":"Exam", "weight":40.0, "due_date":"2024-12-10"},
 {"assignment_id":17, "subject_id":5, "assignment_name":"Homework 1", "assignment_type":"Exam", "weight":10.0, "due_date":"2024-09-10"},
 {"assignment_id":18, "subject_id":5, "assignment_name":"Quiz 1", "assignment_type":"Exam", "weight":20.0, "due_date":"2024-09-20"},
 {"assignment_id":19, "subject_id":5, "assignment_name":"Midterm Exam", "assignment_type":"Exam", "weight":30.0, "due_date":"2024-10-15"},
 {"assignment_id":20, "subject_id":5, "assignment_name":"Final Exam", "assignment_type":"Exam", "weight":40.0, "due_date":"2024-12-10"}]