assignment_id,subject_id,assignment_name,assignment_type,weight,due_date
1,1,Homework 1,Homework,10,9/10/2024
2,1,Quiz 1,Quiz,20,9/20/2024
3,1,Midterm Exam,Exam,30,10/15/2024
4,1,Final Exam,Exam,40,12/10/2024
5,2,Homework1,Homework,10,9/10/2024
6,2,Quiz 1,Quiz,20,9/20/2024
7,2,Midterm Exam,Exam,30,10/15/2024
8,2,Final Exam,Exam,30,12/10/2024
9,3,Homework1,Homework,10,9/10/2024
10,3,Quiz 1,Quiz,20,9/20/2024
11,3,Midterm Exam ,Exam,30,10/15/2024
12,3,Final Exam,Exam,40,12/10/2024
13,4,Homework1,Homework,10,9/10/2024
14,4,Quiz 1,Quiz,20,9/20/2024
15,4,Midterm Exam,Exam,30,10/15/2024
16,4,Final Exam,Exam,40,12/10/2024
17,5,Homework 1,Exam,10,9/10/2024
18,5,Quiz 1,Exam,20,9/20/2024
19,5,Midterm Exam,Exam,30,10/15/2024
20,5,Final Exam,Exam,40,12/10/2024
