[{"grade_id":1, "student_id":1, "assignment_id":1, "score":9.0, "max_score":10.0},
 {"grade_id":2, "student_id":1, "assignment_id":2, "score":18.0, "max_score":20.0},
 {"grade_id":3, "student_id":1, "assignment_id":3, "score":25.0, "max_score":30.0},
 {"grade_id":4, "student_id":1, "assignment_id":4, "score":35.0, "max_score":40.0},
 {"grade_id":5, "student_id":1, "assignment_id":5, "score":8.0, "max_score":10.0},
 {"grade_id":6, "student_id":1, "assignment_id":6, "score":17.0, "max_score":20.0},
 {"grade_id":7, "student_id":1, "assignment_id":7, "score":24.0, "max_score":30.0},
 {"grade_id":8, "student_id":1, "assignment_id":8, "score":35.0, "max_score":40.0},
 {"grade_id":9, "student_id":1, "assignment_id":9, "score":8.0, "max_score":10.0},
 {"grade_id":10, "student_id":1, "assignment_id":10, "score":19.0, "max_score":20.0},
 {"grade_id":11, "student_id":1, "assignment_id":11, "score":25.0, "max_score":30.0},
 {"grade_id":12, "student_id":1, "assignment_id":12, "score":40.0, "max_score":40.0},
 {"grade_id":13, "student_id":1, "assignment_id":13, "score":9.0, "max_score":10.0},
 {"grade_id":14, "student_id":1, "assignment_id":14, "score":17.0, "max_score":20.0},
 {"grade_id":15, "student_id":1, "assignment_id":15, "score":27.0, "max_score":30.0},
 {"grade_id":16, "student_id":1, "assignment_id":16, "score":40.0, "max_score":40.0},
 {"grade_id":17, "student_id":1, "assignment_id":17, "score":5.0, "max_score":10.0},
 {"grade_id":18, "student_id":1, "assignment_id":18, "score":10.0, "max_score":20.0},
 {"grade_id":19, "student_id":1, "assignment_id":19, "score":25.0, "max_score":30.0},
 {"grade_id":20, "student_id":1, "assignment_id":20, "score":35.0, "max_score":40.0},
 {"grade_id":21, "student_id":2, "assignment_id":1, "score":7.0, "max_score":10.0},
 {"grade_id":22, "student_id":2, "assignment_id":2, "score":13.0, "max_score":20.0},
 {"grade_id":23, "student_id":2, "assignment_id":3, "score":23.0, "max_score":30.0},
 {"grade_id":24, "student_id":2, "assignment_id":4, "score":31.0, "max_score":40.0},
 {"grade_id":25, "student_id":2, "assignment_id":5, "score":9.0, "max_score":10.0},
 {"grade_id":26, "student_id":2, "assignment_id":6, "score":12.0, "max_score":20.0},
 {"grade_id":27, "student_id":2, "assignment_id":7, "score":25.0, "max_score":30.0},
 {"grade_id":28, "student_id":2, "assignment_id":8, "score":39.0, "max_score":40.0},
 {"grade_id":29, "student_id":2, "assignment_id":9, "score":8.0, "max_score":10.0},
 {"grade_id":30, "student_id":2, "assignment_id":10, "score":15.0, "max_score":20.0},
 {"grade_id":31, "student_id":2, "assignment_id":11, "score":25.0, "max_score":30.0},
 {"grade_id":32, "student_id":2, "assignment_id":12, "score":32.0, "max_score":40.0},
 {"grade_id":33, "student_id":2, "assignment_id":13, "score":7.0, "max_score":10.0},
 {"grade_id":34, "student_id":2, "assignment_id":14, "score":13.0, "max_score":20.0},
 {"grade_id":35, "student_id":2, "assignment_id":15, "score":25.0, "max_score":30.0},
 {"grade_id":36, "student_id":2, "assignment_id":16, "score":33.0, "max_score":40.0},
 {"grade_id":37, "student_id":2, "assignment_id":17, "score":5.0, "max_score":10.0},
 {"grade_id":38, "student_id":2, "assignment_id":18, "score":14.0, "max_score":20.0},
 {"grade_id":39, "student_id":2, "assignment_id":19, "score":25.0, "max_score":30.0},
 {"grade_id":40, "student_id":2, "assignment_id":20, "score":37.0, "max_score":40.0},
 {"grade_id":41, "student_id":3, "assignment_id":1, "score":10.0, "max_score":10.0},
 {"grade_id":42, "student_id":3, "assignment_id":2, "score":13.0, "max_score":20.0},
 {"grade_id":43, "student_id":3, "assignment_id":3, "score":30.0, "max_score":30.0},
 {"grade_id":44, "student_id":3, "assignment_id":4, "score":37.0, "max_score":40.0},
 {"grade_id":45, "student_id":3, "assignment_id":5, "score":10.0, "max_score":10.0},
 {"grade_id":46, "student_id":3, "assignment_id":6, "score":19.0, "max_score":20.0},
 {"grade_id":47, "student_id":3, "assignment_id":7, "score":29.0, "max_score":30.0},
 {"grade_id":48, "student_id":3, "assignment_id":8, "score":33.0, "max_score":40.0},
 {"grade_id":49, "student_id":3, "assignment_id":9, "score":7.0, "max_score":10.0},
 {"grade_id":50, "student_id":3, "assignment_id":10, "score":19.0, "max_score":20.0},
 {"grade_id":51, "student_id":3, "assignment_id":11, "score":25.0, "max_score":30.0},
 {"grade_id":52, "student_id":3, "assignment_id":12, "score":37.0, "max_score":40.0},
 {"grade_id":53, "student_id":3, "assignment_id":13, "score":6.0, "max_score":10.0},
 {"grade_id":54, "student_id":3, "assignment_id":14, "score":19.0, "max_score":20.0},
 {"grade_id":55, "student_id":3, "assignment_id":15, "score":23.0, "max_score":30.0},
 {"grade_id":56, "student_id":3, "assignment_id":16, "score":31.0, "max_score":40.0},
 {"grade_id":57, "student_id":3, "assignment_id":17, "score":9.0, "max_score":10.0},
 {"grade_id":58, "student_id":3, "assignment_id":18, "score":12.0, "max_score":20.0},
 {"grade_id":59, "student_id":3, "assignment_id":19, "score":28.0, "max_score":30.0},
 {"grade_id":60, "student_id":3, "assignment_id":20, "score":40.0, "max_score":40.0},
 {"grade_id":61, "student_id":4, "assignment_id":1, "score":5.0, "max_score":10.0},
 {"grade_id":62, "student_id":4, "assignment_id":2, "score":10.0, "max_score":20.0},
 {"grade_id":63, "student_id":4, "assignment_id":3, "score":16.0, "max_score":30.0},
 {"grade_id":64, "student_id":4, "assignment_id":4, "score":23.0, "max_score":40.0},
 {"grade_id":65, "student_id":4, "assignment_id":5, "score":5.0, "max_score":10.0},
 {"grade_id":66, "student_id":4, "assignment_id":6, "score":10.5, "max_score":20.0},
 {"grade_id":67, "student_id":4, "assignment_id":7, "score":22.5, "max_score":30.0},
 {"grade_id":68, "student_id":4, "assignment_id":8, "score":23.0, "max_score":40.0},
 {"grade_id":69, "student_id":4, "assignment_id":9, "score":4.0, "max_score":10.0},
 {"grade_id":70, "student_id":4, "assignment_id":10, "score":10.0, "max_score":20.0},
 {"grade_id":71, "student_id":4, "assignment_id":11, "score":12.0, "max_score":30.0},
 {"grade_id":72, "student_id":4, "assignment_id":12, "score":23.0, "max_score":40.0},
 {"grade_id":73, "student_id":4, "assignment_id":13, "score":7.0, "max_score":10.0},
 {"grade_id":74, "student_id":4, "assignment_id":14, "score":12.0, "max_score":20.0},
 {"grade_id":75, "student_id":4, "assignment_id":15, "score":17.0, "max_score":30.0},
 {"grade_id":76, "student_id":4, "assignment_id":16, "score":31.0, "max_score":40.0},
 {"grade_id":77, "student_id":4, "assignment_id":17, "score":4.0, "max_score":10.0},
 {"grade_id":78, "student_id":4, "assignment_id":18, "score":12.0, "max_score":20.0},
 {"grade_id":79, "student_id":4, "assignment_id":19, "score":15.0, "max_score":30.0},
 {"grade_id":80, "student_id":4, "assignment_id":20, "score":22.0, "max_score":40.0},
 {"grade_id":81, "student_id":5, "assignment_id":1, "score":5.0, "max_score":10.0},
 {"grade_id":82, "student_id":5, "assignment_id":2, "score":10.0, "max_score":20.0},
 {"grade_id":83, "student_id":5, "assignment_id":3, "score":15.0, "max_score":30.0},
 {"grade_id":84, "student_id":5, "assignment_id":4, "score":20.0, "max_score":40.0},
 {"grade_id":85, "student_id":5, "assignment_id":5, "score":5.0, "max_score":10.0},
 {"grade_id":86, "student_id":5, "assignment_id":6, "score":10.0, "max_score":20.0},
 {"grade_id":87, "student_id":5, "assignment_id":7, "score":15.0, "max_score":30.0},
 {"grade_id":88, "student_id":5, "assignment_id":8, "score":20.0, "max_score":40.0},
 {"grade_id":89, "student_id":5, "assignment_id":9, "score":6.0, "max_score":10.0},
 {"grade_id":90, "student_id":5, "assignment_id":10, "score":11.0, "max_score":20.0},
 {"grade_id":91, "student_id":5, "assignment_id":11, "score":13.0, "max_score":30.0},
 {"grade_id":92, "student_id":5, "assignment_id":12, "score":20.0, "max_score":40.0},
 {"grade_id":93, "student_id":5, "assignment_id":13, "score":5.0, "max_score":10.0},
 {"grade_id":94, "student_id":5, "assignment_id":14, "score":10.0, "max_score":20.0},
 {"grade_id":95, "student_id":5, "assignment_id":15, "score":20.0, "max_score":30.0},
 {"grade_id":96, "student_id":5, "assignment_id":15, "score":15.0, "max_score":40.0},
 {"grade_id":97, "student_id":5, "assignment_id":17, "score":4.0, "max_score":10.0},
 {"grade_id":98, "student_id":5, "assignment_id":18, "score":10.0, "max_score":20.0},
 {"grade_id":99, "student_id":5, "assignment_id":19, "score":16.0, "max_score":30.0},
 {"grade_id":100, "student_id":5, "assignment_id":20, "score":20.0, "max_score":40.0}]