report_id,student_id,subject_id,semester,final_score,grade,teacher_comments,date_generated
1,1,1,Fall 2024,87.5,B,Good performance,12/20/2024
2,1,2,Fall 2024,75.25,C,Acceptable performance needs more effort,12/20/2024
3,1,3,Fall 2024,92,A,Excellent work and consistent performance.,12/20/2024
4,1,4,Fall 2024,93,A,Excellent work,12/20/2024
5,1,5,Fall 2024,75,C,Acceptable performance needs more effort,12/20/2024
6,2,1,Fall 2024,74,C,Acceptable performance needs more effort,12/20/2024
7,2,2,Fall 2024,75.25,C,Acceptable performance needs more effort,12/20/2024
8,2,3,Fall 2024,80,B,Good performance,12/20/2024
9,2,4,Fall 2024,78,C,Acceptable performance needs more effort,12/20/2024
10,2,5,Fall 2024,81,B,Good performance,12/20/2024
11,3,1,Fall 2024,90,A,Excellent Performance,12/20/2024
12,3,2,Fall 2024,82.75,B,Good performance,12/20/2024
13,3,3,Fall 2024,88,B,Good performance,12/20/2024
14,3,4,Fall 2024,79,C,Acceptable performance needs more effort,12/20/2024
15,3,5,Fall 2024,89,B,Good performance,12/20/2024
16,4,1,Fall 2024,54,E,Extremely Poor,12/20/2024
17,4,2,Fall 2024,55.25,E,Extremely Poor,12/20/2024
18,4,3,Fall 2024,49,F,Failed,12/20/2024
19,4,4,Fall 2024,67,D,Poor,12/20/2024
20,4,5,Fall 2024,53,E,Extremely Poor,12/20/2024
21,5,1,Fall 2024,50,E,Extremely Poor,12/20/2024
22,5,2,Fall 2024,45,F,NULL,12/20/2024
23,5,3,Fall 2024,50,E,Extremely Poor,12/20/2024
24,5,4,Fall 2024,46.25,F,Failed,12/20/2024
25,5,5,Fall 2024,50,E,Extremely Poor,12/20/2024
