[{"report_id":1, "student_id":1, "subject_id":1, "semester":"Fall 2024", "final_score":87.5, "grade":"B", "teacher_comments":"Good performance", "date_generated":"2024-12-20"},
 {"report_id":2, "student_id":1, "subject_id":2, "semester":"Fall 2024", "final_score":75.25, "grade":"C", "teacher_comments":"Acceptable performance needs more effort", "date_generated":"2024-12-20"},
 {"report_id":3, "student_id":1, "subject_id":3, "semester":"Fall 2024", "final_score":92.0, "grade":"A", "teacher_comments":"Excellent work and consistent performance.", "date_generated":"2024-12-20"},
 {"report_id":4, "student_id":1, "subject_id":4, "semester":"Fall 2024", "final_score":93.0, "grade":"A", "teacher_comments":"Excellent work", "date_generated":"2024-12-20"},
 {"report_id":5, "student_id":1, "subject_id":5, "semester":"Fall 2024", "final_score":75.0, "grade":"C", "teacher_comments":"Acceptable performance needs more effort", "date_generated":"2024-12-20"},
 {"report_id":6, "student_id":2, "subject_id":1, "semester":"Fall 2024", "final_score":74.0, "grade":"C", "teacher_comments":"Acceptable performance needs more effort", "date_generated":"2024-12-20"},
 {"report_id":7, "student_id":2, "subject_id":2, "semester":"Fall 2024", "final_score":75.25, "grade":"C", "teacher_comments":"Acceptable performance needs more effort", "date_generated":"2024-12-20"},
 {"report_id":8, "student_id":2, "subject_id":3, "semester":"Fall 2024", "final_score":80.0, "grade":"B", "teacher_comments":"Good performance", "date_generated":"2024-12-20"},
 {"report_id":9, "student_id":2, "subject_id":4, "semester":"Fall 2024", "final_score":78.0, "grade":"C", "teacher_comments":"Acceptable performance needs more effort", "date_generated":"2024-12-20"},
 {"report_id":10, "student_id":2, "subject_id":5, "semester":"Fall 2024", "final_score":81.0, "grade":"B", "teacher_comments":"Good performance", "date_generated":"2024-12-20"},
 {"report_id":11, "student_id":3, "subject_id":1, "semester":"Fall 2024", "final_score":90.0, "grade":"A", "teacher_comments":"Excellent Performance", "date_generated":"2024-12-20"},
 {"report_id":12, "student_id":3, "subject_id":2, "semester":"Fall 2024", "final_score":82.75, "grade":"B", "teacher_comments":"Good performance", "date_generated":"2024-12-20"},
 {"report_id":13, "student_id":3, "subject_id":3, "semester":"Fall 2024", "final_score":88.0, "grade":"B", "teacher_comments":"Good performance", "date_generated":"2024-12-20"},
 {"report_id":14, "student_id":3, "subject_id":4, "semester":"Fall 2024", "final_score":79.0, "grade":"C", "teacher_comments":"Acceptable performance needs more effort", "date_generated":"2024-12-20"},
 {"report_id":15, "student_id":3, "subject_id":5, "semester":"Fall 2024", "final_score":89.0, "grade":"B", "teacher_comments":"Good performance", "date_generated":"2024-12-20"},
 {"report_id":16, "student_id":4, "subject_id":1, "semester":"Fall 2024", "final_score":54.0, "grade":"E", "teacher_comments":"Extremely Poor", "date_generated":"2024-12-20"},
 {"report_id":17, "student_id":4, "subject_id":2, "semester":"Fall 2024", "final_score":55.25, "grade":"E", "teacher_comments":"Extremely Poor", "date_generated":"2024-12-20"},
 {"report_id":18, "student_id":4, "subject_id":3, "semester":"Fall 2024", "final_score":49.0, "grade":"F", "teacher_comments":"Failed", "date_generated":"2024-12-20"},
 {"report_id":19, "student_id":4, "subject_id":4, "semester":"Fall 2024", "final_score":67.0, "grade":"D", "teacher_comments":"Poor", "date_generated":"2024-12-20"},
 {"report_id":20, "student_id":4, "subject_id":5, "semester":"Fall 2024", "final_score":53.0, "grade":"E", "teacher_comments":"Extremely Poor", "date_generated":"2024-12-20"},
 {"report_id":21, "student_id":5, "subject_id":1, "semester":"Fall 2024", "final_score":50.0, "grade":"E", "teacher_comments":"Extremely Poor", "date_generated":"2024-12-20"},
 {"report_id":22, "student_id":5, "subject_id":2, "semester":"Fall 2024", "final_score":45.0, "grade":"F", "teacher_comments":"Failed", "date_generated":"2024-12-20"},
 {"report_id":23, "student_id":5, "subject_id":3, "semester":"Fall 2024", "final_score":50.0, "grade":"E", "teacher_comments":"Extremely Poor", "date_generated":"2024-12-20"},
 {"report_id":24, "student_id":5, "subject_id":4, "semester":"Fall 2024", "final_score":46.25, "grade":"F", "teacher_comments":"Failed", "date_generated":"2024-12-20"},
 {"report_id":25, "student_id":5, "subject_id":5, "semester":"Fall 2024", "final_score":50.0, "grade":"E", "teacher_comments":"Extremely Poor", "date_generated":"2024-12-20"}]