student_id,first_name,last_name,dob,gender,contact_number,email,address,enrollment_date,status
1,John,Doe,2005-05-14,Male,123-456-7890,johndoe@gmail.com,"123 Main St",2023-09-01,Active
2,Mike,Tyson,2006-04-04,Male,0321-989-0877,miketyson@gmail.com,London,2023-09-01,Active
3,Fatima,Parveen,2006-04-05,Female,0321-098-7565,fatimaparveen@gmail.com,Karachi,2023-09-01,Active
4,Alizeh,Raza,2006-01-13,Female,0321-988-4343,alizehraza@gmail.com,Karachi,2023-09-02,Active
5,Waqas,Khalil,2005-09-09,Male,0321-998-2022,waqaskhalil@gmail.com,Karachi,2023-09-01,Active
6,Boris,Johnson,2006-07-06,Male,0321-098-7676,borisjohnson@gmail.com,London,2023-09-02,Active
7,Mike,Donaldson,2006-09-08,Male,0321-444-5555,mikedonaldson@gmail.com,London,2023-09-01,Active
8,Smith,Krab,2006-01-12,Male,0321-980-4521,smithkrab@gmail.com,London,2023-09-01,Active
9,Ali,Shah,2005-09-09,Male,0321-777-2314,alishah@gmail.com,Karachi,2023-09-01,Active
10,Abbas,Afridi,2005-11-11,Male,0321098-4536,abbasafridi@gmail.com,Karachi,2023-09-01,Active
11,Abdul,Malik,2006-12-12,Male,0321-980-3456,abdulmalik@gmail.com,Karachi,2023-09-01,Active
12,Abida,Praveen,2006-03-19,Female,0321-143-2291,hsdkjb@gmail.com,Karachi,2023-09-01,Active
13,Rija,Shah,2006-08-18,Female,0321-789-4312,dfhdusfd@gmail.com,Karachi,2023-09-01,Active
14,Maham,mubeen,2005-07-17,Female,0321-999-4321,rijashahid@gmail.com,Karachi,2023-09-01,Active
15,Zainab,Lateef,2006-09-18,Female,0321-987-4354,mahammubeen@gmail.com,Karachi,2023-09-01,Active
17,Hamza,Rizvi,2005-03-22,Male,0321-456-9879,hamzarizvi@gmail.com,Karachi,2023-09-01,Active
18,Murtaza,Hasan,2006-08-27,Male,123-987-098,murtazahasan@gmail.com,Karachi,2023-09-01,Active
19,Nadir,Shah,2006-04-28,Male,231-0987-0563,nadirshah@gmail.com,Karachi,2023-09-01,Active
20,Asher,Adnan,2005-01-21,Male,456-121-4576,asheradnan@gmail.com,Karachi,2023-09-02,Active
21,Ali,Omer,2004-09-12,Male,098-765-4321,aliomer@gmail.com,Karachi,2023-09-02,Active
22,Usman,Shinwari,2005-05-13,Male,123-456-7890,usman@gmail.com,Karachi,2023-09-02,Active
23,Adeel,Abid,2005-03-18,Male,999-321-5467,adeelabid@gmail.com,Karachi,2023-09-02,Active
24,Jameel,Latif,2006-12-20,Male,111-111-3214,jameellatif@gmail.com,Karachi,2023-09-02,Active
