[{"student_id":1, "first_name":"John", "last_name":"Doe", "dob":"2005-05-14", "gender":"Male", "contact_number":"123-456-7890", "email":"johndoe@gmail.com", "address":"123 Main St", "enrollment_date":"2023-09-01", "status":"Active"},
 {"student_id":2, "first_name":"Mike", "last_name":"Tyson", "dob":"2006-04-04", "gender":"Male", "contact_number":"0321-989-0877", "email":"miketyson@gmail.com", "address":"London", "enrollment_date":"2023-09-01", "status":"Active"},
 {"student_id":3, "first_name":"Fatima", "last_name":"Parveen", "dob":"2006-04-05", "gender":"Female", "contact_number":"0321-098-7565", "email":"fatimaparveen@gmail.com", "address":"Karachi", "enrollment_date":"2023-09-01", "status":"Active"},
 {"student_id":4, "first_name":"Alizeh", "last_name":"Raza", "dob":"2006-01-13", "gender":"Female", "contact_number":"0321-988-4343", "email":"alizehraza@gmail.com", "address":"Karachi", "enrollment_date":"2023-09-02", "status":"Active"},
 {"student_id":5, "first_name":"Waqas", "last_name":"Khalil", "dob":"2005-09-09", "gender":"Male", "contact_number":"0321-998-2022", "email":"waqaskhalil@gmail.com", "address":"Karachi", "enrollment_date":"2023-09-01", "status":"Active"},
 {"student_id":6, "first_name":"Boris", "last_name":"Johnson", "dob":"2006-07-06", "gender":"Male", "contact_number":"0321-098-7676", "email":"borisjohnson@gmail.com", "address":"London", "enrollment_date":"2023-09-02", "status":"Active"},
 {"student_id":7, "first_name":"Mike", "last_name":"Donaldson", "dob":"2006-09-08", "gender":"Male", "contact_number":"0321-444-5555", "email":"mikedonaldson@gmail.com", "address":"London", "enrollment_date":"2023-09-01", "status":"Active"},
 {"student_id":8, "first_name":"Smith", "last_name":"Krab", "dob":"2006-01-12", "gender":"Male", "contact_number":"0321-980-4521", "email":"smithkrab@gmail.com", "address":"London", "enrollment_date":"2023-09-01", "status":"Active"},
 {"student_id":9, "first_name":"Ali", "last_name":"Shah", "dob":"2005-09-09", "gender":"Male", "contact_number":"0321-777-2314", "email":"alishah@gmail.com", "address":"Karachi", "enrollment_date":"2023-09-01", "status":"Active"},
 {"student_id":10, "first_name":"Abbas", "last_name":"Afridi", "dob":"2005-11-11", "gender":"Male", "contact_number":"0321098-4536", "email":"abbasafridi@gmail.com", "address":"Karachi", "enrollment_date":"2023-09-01", "status":"Active"},
 {"student_id":11, "first_name":"Abdul", "last_name":"Malik", "dob":"2006-12-12", "gender":"Male", "contact_number":"0321-980-3456", "email":"abdulmalik@gmail.com", "address":"Karachi", "enrollment_date":"2023-09-01", "status":"Active"},
 {"student_id":12, "first_name":"Abida", "last_name":"Praveen", "dob":"2006-03-19", "gender":"Female", "contact_number":"0321-143-2291", "email":"hsdkjb@gmail.com", "address":"Karachi", "enrollment_date":"2023-09-01", "status":"Active"},
 {"student_id":13, "first_name":"Rija", "last_name":"Shah", "dob":"2006-08-18", "gender":"Female", "contact_number":"0321-789-4312", "email":"dfhdusfd@gmail.com", "address":"Karachi", "enrollment_date":"2023-09-01", "status":"Active"},
 {"student_id":14, "first_name":"Maham", "last_name":"mubeen", "dob":"2005-07-17", "gender":"Female", "contact_number":"0321-999-4321", "email":"rijashahid@gmail.com", "address":"Karachi", "enrollment_date":"2023-09-01", "status":"Active"},
 {"student_id":15, "first_name":"Zainab", "last_name":"Lateef", "dob":"2006-09-18", "gender":"Female", "contact_number":"0321-987-4354", "email":"mahammubeen@gmail.com", "address":"Karachi", "enrollment_date":"2023-09-01", "status":"Active"},
 {"student_id":17, "first_name":"Hamza", "last_name":"Rizvi", "dob":"2005-03-22", "gender":"Male", "contact_number":"0321-456-9879", "email":"hamzarizvi@gmail.com", "address":"Karachi", "enrollment_date":"2023-09-01", "status":"Active"},
 {"student_id":18, "first_name":"Murtaza", "last_name":"Hasan", "dob":"2006-08-27", "gender":"Male", "contact_number":"123-987-098", "email":"murtazahasan@gmail.com", "address":"Karachi", "enrollment_date":"2023-09-01", "status":"Active"},
 {"student_id":19, "first_name":"Nadir", "last_name":"Shah", "dob":"2006-04-28", "gender":"Male", "contact_number":"231-0987-0563", "email":"nadirshah@gmail.com", "address":"Karachi", "enrollment_date":"2023-09-01", "status":"Active"},
 {"student_id":20, "first_name":"Asher", "last_name":"Adnan", "dob":"2005-01-21", "gender":"Male", "contact_number":"456-121-4576", "email":"asheradnan@gmail.com", "address":"Karachi", "enrollment_date":"2023-09-02", "status":"Active"},
 {"student_id":21, "first_name":"Ali", "last_name":"Omer", "dob":"2004-09-12", "gender":"Male", "contact_number":"098-765-4321", "email":"aliomer@gmail.com", "address":"Karachi", "enrollment_date":"2023-09-02", "status":"Active"},
 {"student_id":22, "first_name":"Usman", "last_name":"Shinwari", "dob":"2005-05-13", "gender":"Male", "contact_number":"123-456-7890", "email":"usman@gmail.com", "address":"Karachi", "enrollment_date":"2023-09-02", "status":"Active"},
 {"student_id":23, "first_name":"Adeel", "last_name":"Abid", "dob":"2005-03-18", "gender":"Male", "contact_number":"999-321-5467", "email":"adeelabid@gmail.com", "address":"Karachi", "enrollment_date":"2023-09-02", "status":"Active"},
 {"student_id":24, "first_name":"Jameel", "last_name":"Latif", "dob":"2006-12-20", "gender":"Male", "contact_number":"111-111-3214", "email":"jameellatif@gmail.com", "address":"Karachi", "enrollment_date":"2023-09-02", "status":"Active"}]