[{"teacher_id":1, "first_name":"Alice", "last_name":"Johnson", "email":"alicejohnson@gmail.com", "contact_number":"987-654-3210", "department":"Mathematics"},
 {"teacher_id":2, "first_name":"Shahid", "last_name":"Raza", "email":"shahidraza@gmail.com", "contact_number":"0321-084-0983", "department":"Science"},
 {"teacher_id":3, "first_name":"Bushra", "last_name":"Tariq", "email":"bushratariq@gmail.com", "contact_number":"0321-490-3214", "department":"English"},
 {"teacher_id":4, "first_name":"Naila", "last_name":"Azeez", "email":"nailaazeez@gmail.com", "contact_number":"0321-987-4563", "department":"History"},
 {"teacher_id":5, "first_name":"Khadija", "last_name":"Kubra", "email":"khadija@gmail.com", "contact_number":"0321-543-098", "department":"Computer Science"}]